陸上競技部,【運動系】陸上,https://pbs.twimg.com/profile_images/2761020228/9534121c199eda7d02ef18eed70574ae_400x400.jpeg,http://weebee1212.com/sp/dantai/content.php?id=1,http://twitter.com/kobe_tf,https://www.facebook.com/kobe.tandf,http://home.kobe-u.com/athlete/home-J.html
硬式野球部,【運動系】野球・ソフトボール,https://pbs.twimg.com/profile_images/865725616464605184/sIZR8PhC_400x400.jpg,http://weebee1212.com/sp/dantai/content.php?id=2,http://twitter.com/kobe_bbc,"",http://rokkoudai.wixsite.com/kobebaseball
準硬式野球部,【運動系】野球・ソフトボール,https://pbs.twimg.com/profile_images/378800000660694016/227035197c2e8eb090a7ed67620016c9_400x400.jpeg,http://weebee1212.com/sp/dantai/content.php?id=3,http://twitter.com/kobejunko,"",http://home.kobe-u.com/jyunko/index.html
準硬式野球II部,【運動系】野球・ソフトボール,https://pbs.twimg.com/profile_images/848077754109014016/SBK0ZSue_400x400.jpg,http://weebee1212.com/sp/dantai/content.php?id=4,http://twitter.com/kobe_junko2,"",""
男子ソフトボール部,【運動系】野球・ソフトボール,https://www.biber.com/dta/themes/biber/core/assets/images/no-featured-175.jpg,http://weebee1212.com/sp/dantai/content.php?id=5,http://twitter.com/soft_shinkann,"",""
サッカー部,【運動系】サッカー・フットサル,https://pbs.twimg.com/profile_images/695279100873691136/ViE0zAyd_400x400.jpg,http://weebee1212.com/sp/dantai/content.php?id=6,http://twitter.com/kobe_un_ftbl,"",""
FORCA&Guerreilla,【運動系】サッカー・フットサル,https://pbs.twimg.com/profile_images/755603484414664704/bFfrR4WC_400x400.jpg,http://weebee1212.com/sp/dantai/content.php?id=7,http://twitter.com/kobe_futsal,https://www.facebook.com/ShenHuDaXueTiYuHuifuttosaruBuforcAxGuerreilla,http://site205974-703-1766.strikingly.com/
男子バスケットボール部 SEAGULLS,【運動系】バスケットボール,https://pbs.twimg.com/profile_images/656748319897600000/j1mdX9Fi_400x400.jpg,http://weebee1212.com/sp/dantai/content.php?id=8,http://twitter.com/kobe_seagulls,https://www.facebook.com/神戸大学男子バスケットボール部-Kobe-Seagulls-491228294245294,""
女子バスケットボール部,【運動系】バスケットボール,https://pbs.twimg.com/profile_images/491945984075628544/d2p6WU1u_400x400.jpeg,http://weebee1212.com/sp/dantai/content.php?id=9,http://twitter.com/KOBE_wbbc,https://www.facebook.com/kobe.u.wbbc,http://kobewbbc.wix.com/kobeuniv-womenbasket
男子バレーボール部,【運動系】バレーボール,https://pbs.twimg.com/profile_images/899200293744762880/bS-iYU1N_400x400.jpg,http://weebee1212.com/sp/dantai/content.php?id=10,http://twitter.com/KobeuPioneers,"",http://kobeupioneers.wixsite.com/kobe-volleyball/untitled-c1nhz
女子バレーボール部,【運動系】バレーボール,https://pbs.twimg.com/profile_images/735671852417196032/_hUxppPM_400x400.jpg,http://weebee1212.com/sp/dantai/content.php?id=11,http://twitter.com/kuvbc,"",http://kuwvc-2015.jimdo.com
男子ハンドボール部,【運動系】ハンドボール,https://pbs.twimg.com/profile_images/472594482198626304/PANIYYdE_400x400.jpeg,http://weebee1212.com/sp/dantai/content.php?id=12,http://twitter.com/kobeuhand,"",""
アメリカンフットボール部RAVENS,【運動系】アメフト・フットボール・ラグビー,https://pbs.twimg.com/profile_images/828845002755149824/6mPQVNaV_400x400.jpg,http://weebee1212.com/sp/dantai/content.php?id=13,http://twitter.com/2017ravens,https://www.facebook.com/神戸大学アメリカンフットボール部-RAVENS-808246005870236,http://ravens-kobe.com
女子タッチフットボール部Rooks,【運動系】アメフト・フットボール・ラグビー,https://pbs.twimg.com/profile_images/720589205756182528/jpZVhEVB_400x400.jpg,http://weebee1212.com/sp/dantai/content.php?id=14,http://twitter.com/Rooks_1994,https://www.facebook.com/rooks.kobe,""
ラグビー部,【運動系】アメフト・フットボール・ラグビー,https://pbs.twimg.com/profile_images/670894727231705089/t2CJJjOm_400x400.jpg,http://weebee1212.com/sp/dantai/content.php?id=15,http://twitter.com/kobe_u_rugby,https://www.facebook.com/神戸大学体育会ラグビー部,http://koberfc-official2016.com
男子ラクロス部,【運動系】ラクロス,https://pbs.twimg.com/profile_images/876277351910260736/REKFfYJE_400x400.jpg,http://weebee1212.com/sp/dantai/content.php?id=16,http://twitter.com/kobelaxmen,"",http://home.kobe-u.com/lacrosse/men/
女子ラクロス部,【運動系】ラクロス,https://pbs.twimg.com/profile_images/914720361643511808/zT2YBwka_400x400.jpg,http://weebee1212.com/sp/dantai/content.php?id=17,http://twitter.com/kobelaxwomen,https://www.facebook.com/神戸大学女子ラクロス部,""
硬式テニス部,【運動系】テニス,https://pbs.twimg.com/profile_images/679802956191936512/GgkxugpQ_400x400.jpg,http://weebee1212.com/sp/dantai/content.php?id=18,http://twitter.com/tennis_kobe,https://www.facebook.com/kobe.tennis,""
ソフトテニス部,【運動系】テニス,https://pbs.twimg.com/profile_images/860381159670243329/tMQH_znu_400x400.jpg,http://weebee1212.com/sp/dantai/content.php?id=19,http://twitter.com/kobe_stc,"",""
バドミントン部,【運動系】バドミントン,https://pbs.twimg.com/profile_images/765097078888341504/YzBSX33h_400x400.jpg,http://weebee1212.com/sp/dantai/content.php?id=20,http://twitter.com/kobebadclub,https://www.facebook.com/kobeuniv0badclub,https://kobeuniv0badclub.wordpress.com/
卓球部,【運動系】卓球,https://pbs.twimg.com/profile_images/463998469925924864/0XShM8gV_400x400.jpeg,http://weebee1212.com/sp/dantai/content.php?id=21,http://twitter.com/kobettcshinkan,"",""
アイスホッケー部ROOSTERS,【運動系】ホッケー,https://pbs.twimg.com/profile_images/821198923108757504/_6wqcc44_400x400.jpg,http://weebee1212.com/sp/dantai/content.php?id=22,http://twitter.com/roosters2017,"",http://home.kobe-u.com/roosters/
フィールドホッケー部,【運動系】ホッケー,https://pbs.twimg.com/profile_images/906160925102579713/mLxeoRRp_400x400.jpg,http://weebee1212.com/sp/dantai/content.php?id=23,http://twitter.com/kobehockey,"",http://kobe-univ-hockey.jimdo.com/
フェンシング部,【運動系】武道・武術・射的,https://pbs.twimg.com/profile_images/870460208559955969/3G_dZ0Yp_400x400.jpg,http://weebee1212.com/sp/dantai/content.php?id=24,http://twitter.com/kufencing,https://www.facebook.com/kobe.univ.fencingteam,http://home.kobe-u.com/fencing/
洋弓部,【運動系】武道・武術・射的,https://pbs.twimg.com/profile_images/451349319031853059/KJDm7mdK_400x400.jpeg,http://weebee1212.com/sp/dantai/content.php?id=25,http://twitter.com/kobe_archery,"",""
居合道部,【運動系】武道・武術・射的,https://pbs.twimg.com/profile_images/721602670599864321/aFKfYkfA_400x400.jpg,http://weebee1212.com/sp/dantai/content.php?id=26,http://twitter.com/Shindaiiaido,"",http://home.kobe-u.com/iaido/
剣道部,【運動系】武道・武術・射的,https://www.biber.com/dta/themes/biber/core/assets/images/no-featured-175.jpg,http://weebee1212.com/sp/dantai/content.php?id=27,http://twitter.com/kobekendo2016,"",""
空手道部,【運動系】武道・武術・射的,https://pbs.twimg.com/profile_images/687622650919714816/FrAH3xNl_400x400.jpg,http://weebee1212.com/sp/dantai/content.php?id=28,http://twitter.com/kobe_karate_28,"",‪ http://kobekaratedo.web.fc2.com/‬
極真空手部,【運動系】武道・武術・射的,https://www.biber.com/dta/themes/biber/core/assets/images/no-featured-175.jpg,http://weebee1212.com/sp/dantai/content.php?id=29,"","",""
合気道部,【運動系】武道・武術・射的,https://pbs.twimg.com/profile_images/528544093501022208/-NVJgMBD_400x400.jpeg,http://weebee1212.com/sp/dantai/content.php?id=30,http://twitter.com/kobeaikido,"",http://home.kobe-u.com/aikido/
少林寺拳法部,【運動系】武道・武術・射的,https://pbs.twimg.com/profile_images/2911017604/0b2756689edc904dfe43504604022355_400x400.jpeg,http://weebee1212.com/sp/dantai/content.php?id=31,http://twitter.com/Shorinji_KobeU,"",""
日本拳法部,【運動系】武道・武術・射的,https://pbs.twimg.com/profile_images/709666520759017473/8JEWn6UG_400x400.jpg,http://weebee1212.com/sp/dantai/content.php?id=32,http://twitter.com/kobenipponkempo,"",""
弓道部,【運動系】武道・武術・射的,https://pbs.twimg.com/profile_images/3377837813/3b01f309a50a39b090ed084b1607bfde_400x400.jpeg,http://weebee1212.com/sp/dantai/content.php?id=33,http://twitter.com/shinkyushinkan,"",http://home.kobe-u.com/kyudo/index.htm
柔道部,【運動系】武道・武術・射的,https://www.biber.com/dta/themes/biber/core/assets/images/no-featured-175.jpg,http://weebee1212.com/sp/dantai/content.php?id=34,"","",http://kobe-judo.com
漕艇部,【運動系】マリンスポーツ,https://pbs.twimg.com/profile_images/671332685617336321/OJveEoLP_400x400.jpg,http://weebee1212.com/sp/dantai/content.php?id=35,http://twitter.com/rowing_kobe02,"",http://kurchp.wixsite.com/kobe-u-rowing
男子端艇部,【運動系】マリンスポーツ,https://pbs.twimg.com/profile_images/800936906624073728/QnxT0LFp_400x400.jpg,http://weebee1212.com/sp/dantai/content.php?id=36,http://twitter.com/Cutter_Kobe63,https://www.facebook.com/kobe.cutter,http://kobe.cutterjapan.com
女子カッター部,【運動系】マリンスポーツ,https://pbs.twimg.com/profile_images/854488786624958464/7Y82-JfA_400x400.jpg,http://weebee1212.com/sp/dantai/content.php?id=37,http://twitter.com/cutter_kobe,"",""
水泳部競泳面,【運動系】マリンスポーツ,https://pbs.twimg.com/profile_images/823772009800732672/Ta4gHkaD_400x400.jpg,http://weebee1212.com/sp/dantai/content.php?id=38,http://twitter.com/kust_shinkan17,"",http://home.kobe-u.com/kobeswim/race/
水泳部水球面,【運動系】マリンスポーツ,https://pbs.twimg.com/profile_images/823772009800732672/Ta4gHkaD_400x400.jpg,http://weebee1212.com/sp/dantai/content.php?id=39,http://twitter.com/kust_shinkan17,"",http://home.kobe-u.com/kobeswim/race/
ウインドサーフィン部,【運動系】マリンスポーツ,https://pbs.twimg.com/profile_images/443953466545668098/btGNgcRj_400x400.jpeg,http://weebee1212.com/sp/dantai/content.php?id=40,http://twitter.com/kobewsf,https://www.facebook.com/kobe.wind,http://home.kobe-u.com/wind/
オフショアセーリングクラブ,【運動系】マリンスポーツ,https://pbs.twimg.com/profile_images/840176423742525441/B_f-3NZr_400x400.jpg,http://weebee1212.com/sp/dantai/content.php?id=41,http://twitter.com/offshorewelcome,https://www.facebook.com/offshoresailingclub,http://kuosc-sailing.sakura.ne.jp
カヌー部,【運動系】マリンスポーツ,https://pbs.twimg.com/profile_images/1705469518/CIMG3622_400x400.JPG,http://weebee1212.com/sp/dantai/content.php?id=42,http://twitter.com/kobecanoe1,"",https://sites.google.com/site/kobecanoe4/
ヨット部,【運動系】マリンスポーツ,https://pbs.twimg.com/profile_images/912243114747641856/RNrX9bcy_400x400.jpg,http://weebee1212.com/sp/dantai/content.php?id=43,http://twitter.com/kobeyacht,https://www.facebook.com/神戸大学体育会ヨット部,http://home.kobe-u.com/yacht/
スキー部,【運動系】ウィンタースポーツ,https://pbs.twimg.com/profile_images/724574093362647041/htRu86SO_400x400.jpg,http://weebee1212.com/sp/dantai/content.php?id=44,http://twitter.com/KobeRacing,https://www.facebook.com/神戸大学体育会スキー部-1536941316573589,http://home.kobe-u.com/kobeski/index.html
スケート部スピード部門,【運動系】ウィンタースポーツ,https://pbs.twimg.com/profile_images/840218791636164608/v8Yb1Mxb_400x400.jpg,http://weebee1212.com/sp/dantai/content.php?id=45,http://twitter.com/kobeu_skate_sf,"",http://home.kobe-u.com/skate/figure/figure.html
スケート部 フィギュア部門,【運動系】マイナースポーツ,https://pbs.twimg.com/profile_images/575462001800970242/bt0WSKmc_400x400.jpeg,http://weebee1212.com/sp/dantai/content.php?id=46,http://twitter.com/ha2chi23,"",http://home.kobe-u.com/skate/figure/figure.html
スノーボード部,【運動系】ウィンタースポーツ,https://pbs.twimg.com/profile_images/637603323638509568/BMkBCCow_400x400.jpg,http://weebee1212.com/sp/dantai/content.php?id=47,http://twitter.com/ksbc_snow,"",http://ksbcsnow.web.fc2.com/
航空部,【運動系】スカイスポーツ,https://pbs.twimg.com/profile_images/566079536484204544/ggsU4BPi_400x400.jpeg,http://weebee1212.com/sp/dantai/content.php?id=48,http://twitter.com/kobeglider2017,"",http://kobe-univglider.jimdo.com/
自動車部,【運動系】モータースポーツ,https://pbs.twimg.com/profile_images/731249598052765700/GFNvBkoe_400x400.jpg,http://weebee1212.com/sp/dantai/content.php?id=49,http://twitter.com/teamshindai,"",http://teamshindai.ninja-web.net
サイクリング部,【運動系】アウトドア,https://pbs.twimg.com/profile_images/900932604576186369/1nOg0LVw_400x400.jpg,http://weebee1212.com/sp/dantai/content.php?id=50,http://twitter.com/kobe_u_cycling,"",http://home.kobe-u.com/kucc/index.html
探検部,【運動系】アウトドア,https://pbs.twimg.com/profile_images/807249832158982145/QQaRDSqu_400x400.jpg,http://weebee1212.com/sp/dantai/content.php?id=51,http://twitter.com/KobeTanken,"",""
山岳部,【運動系】アウトドア,https://pbs.twimg.com/profile_images/1383149579/twitter_icon_400x400.png,http://weebee1212.com/sp/dantai/content.php?id=52,http://twitter.com/acku_sangakubu,"",""
ワンダーフォーゲル部,【運動系】アウトドア,https://pbs.twimg.com/profile_images/557118793533517825/7Cat4IEi_400x400.png,http://weebee1212.com/sp/dantai/content.php?id=53,http://twitter.com/ku_wv55,"",http://www.geocities.co.jp/CollegeLife-Club/4301/
競技ダンス部,【文化系】その他,https://www.biber.com/dta/themes/biber/core/assets/images/no-featured-175.jpg,http://weebee1212.com/sp/dantai/content.php?id=54,"","",""
ゴルフ部,【運動系】その他,https://pbs.twimg.com/profile_images/790567605467611136/mQ_pxLSy_400x400.jpg,http://weebee1212.com/sp/dantai/content.php?id=55,http://twitter.com/kobe_golf,"",""
体操部,【運動系】その他,https://pbs.twimg.com/profile_images/378800000133655225/31e8500a1c894bb53ad946665ffaf58b_400x400.jpeg,http://weebee1212.com/sp/dantai/content.php?id=56,http://twitter.com/kobegymn,"",http://home.kobe-u.com/gymn/
馬術部,【運動系】その他,https://pbs.twimg.com/profile_images/930073256169652226/ymt1KK2-_400x400.jpg,http://weebee1212.com/sp/dantai/content.php?id=57,http://twitter.com/ShindaiBazyutu,"",http://kobeu-bazyutu.jugem.jp
神戸大学軽音Ⅱ部,【文化系】音楽,https://pbs.twimg.com/profile_images/2131557006/kobe_u_keion2_400x400.jpg,http://weebee1212.com/sp/dantai/content.php?id=58,http://twitter.com/kobe_u_keion2,"",""
軽音楽部JAZZ,【文化系】音楽,https://pbs.twimg.com/profile_images/846392316239630337/9GjUTud4_400x400.jpg,http://weebee1212.com/sp/dantai/content.php?id=59,http://twitter.com/Jazz_sinkan2017,https://www.facebook.com/kobe.univ.jazz,http://home.kobe-u.com/jazz/
神戸大学軽音楽部ROCK,【文化系】音楽,https://pbs.twimg.com/profile_images/1424527621/image_400x400.gif,http://weebee1212.com/sp/dantai/content.php?id=60,http://twitter.com/kobe_u_rock,https://www.facebook.com/Kobe.u.Rock,""
神戸大学混声合唱団アポロン,【文化系】音楽,https://pbs.twimg.com/profile_images/798672465438208000/_rWriYB5_400x400.jpg,http://weebee1212.com/sp/dantai/content.php?id=61,http://twitter.com/shinkanapollon,"",http://home.kobe-u.com/apollon/
神戸大学混声合唱団エルデ,【文化系】音楽,https://pbs.twimg.com/profile_images/2966242991/5f692e8ecb18e736f2a34687fd818ea7_400x400.jpeg,http://weebee1212.com/sp/dantai/content.php?id=62,http://twitter.com/Choir_Erde,"",http://home.kobe-u.com/erde/index.html
神戸大学応援団総部吹奏楽部,【文化系】音楽,https://pbs.twimg.com/profile_images/674135621770678272/zNFhGbwL_400x400.jpg,http://weebee1212.com/sp/dantai/content.php?id=63,http://twitter.com/kobebrass,https://www.facebook.com/kobebrass,http://home.kobe-u.com/brass/
神戸大学交響楽団,【文化系】音楽,https://pbs.twimg.com/profile_images/875588409657405440/Bh5sbGDw_400x400.jpg,http://weebee1212.com/sp/dantai/content.php?id=64,http://twitter.com/Kobe_Univ_Orche,https://www.facebook.com/kobeunivso,http://www.kobeusym.info/index.php
神戸大学マンドリンクラブ,【文化系】音楽,https://pbs.twimg.com/profile_images/453551942321438720/sCtnVUk8_400x400.jpeg,http://weebee1212.com/sp/dantai/content.php?id=65,http://twitter.com/KobeUnimandolin,https://www.facebook.com/神戸大学マンドリンクラブ-876043035777754,http://kobe-u.k-mandolin.jp/
神戸大学クラシックギター部,【文化系】音楽,https://pbs.twimg.com/profile_images/2170229163/folder_400x400.jpg,http://weebee1212.com/sp/dantai/content.php?id=66,http://twitter.com/KucgcSince1967,https://www.facebook.com/kucgc.since1967,http://home.kobe-u.com/guitar/top.html
自由劇場,【文化系】パフォーマンス,https://pbs.twimg.com/profile_images/1287457496/_______400x400.jpg,http://weebee1212.com/sp/dantai/content.php?id=67,http://twitter.com/JIGEKI,https://www.facebook.com/jigeki,http://home.kobe-u.com/jigeki/
神戸大学応援団,【運動系】その他,https://www.biber.com/dta/themes/biber/core/assets/images/no-featured-175.jpg,http://weebee1212.com/sp/dantai/content.php?id=68,"","",http://home.kobe-u.com/ouendan
囲碁部,【文化系】ホビー,https://pbs.twimg.com/profile_images/714126148557545472/sChZcFJg_400x400.jpg,http://weebee1212.com/sp/dantai/content.php?id=69,http://twitter.com/kobe_igo,"",http://kobeigo.web.fc2.com/
神戸大学茶華道部,【文化系】文化,https://pbs.twimg.com/profile_images/460215616159219713/p674v-K1_400x400.jpeg,http://weebee1212.com/sp/dantai/content.php?id=70,http://twitter.com/kobe_sakado,"",""
将棋部,【文化系】文化,https://www.biber.com/dta/themes/biber/core/assets/images/no-featured-175.jpg,http://weebee1212.com/sp/dantai/content.php?id=71,"","",http://yossuli.sugoihp.com/member.html
神戸大学邦楽部,【文化系】音楽,https://pbs.twimg.com/profile_images/799510561243430918/LJ0QEoXQ_400x400.jpg,http://weebee1212.com/sp/dantai/content.php?id=72,http://twitter.com/metabo_kobe,"",http://home.kobe-u.com/hougakub/
神戸大学能楽部,【文化系】文化,https://pbs.twimg.com/profile_images/1343974526/kobeshimi1_400x400.jpg,http://weebee1212.com/sp/dantai/content.php?id=73,http://twitter.com/kobefuin,"",http://kobe-fuin.jimdo.com/
神戸大学落語研究会,【文化系】文化,https://pbs.twimg.com/profile_images/668387703780540417/joETBk1H_400x400.jpg,http://weebee1212.com/sp/dantai/content.php?id=74,http://twitter.com/ShindaiOchiken,"",""
神戸大学文芸研究会,【文化系】文化,https://pbs.twimg.com/profile_images/2724724301/5b1de50512e18198a62d0a03dd162506_400x400.jpeg,http://weebee1212.com/sp/dantai/content.php?id=76,http://twitter.com/kobe_u_bungei,"",http://home.kobe-u.com/bungei/main.html
神戸大学漫画研究会,【文化系】アート・ファッション・カメラ,https://pbs.twimg.com/profile_images/800939930746654720/HG7MEz-c_400x400.jpg,http://weebee1212.com/sp/dantai/content.php?id=77,http://twitter.com/kobe_u_cc,"",""
神戸大学ESS(英語研究部),【文化系】国際,https://pbs.twimg.com/profile_images/825621504339517440/IsOGU8XG_400x400.jpg,http://weebee1212.com/sp/dantai/content.php?id=78,http://twitter.com/ess2017shinkan,"",""
I.S.A.(日本国際学生協会),【文化系】国際,https://pbs.twimg.com/profile_images/2857104827/4897a2cc8abae8cf40868f8ff5b8c461_400x400.png,http://weebee1212.com/sp/dantai/content.php?id=79,http://twitter.com/ISAKobeunv,https://www.facebook.com/isakobechapter,http://isashindai.wixsite.com/kobeunv-branch
経営学研究会,【文化系】社会学系,https://pbs.twimg.com/profile_images/438826640861171712/QoMMrbpb_400x400.jpeg,http://weebee1212.com/sp/dantai/content.php?id=81,http://twitter.com/kobeuniv_keiken,https://www.facebook.com/kobeuniv.keiken,http://home.kobe-u.com/kei-ken/
神戸大学法律相談部,【文化系】社会学系,https://pbs.twimg.com/profile_images/450624824528740352/_k-0QAI8_400x400.jpeg,http://weebee1212.com/sp/dantai/content.php?id=82,http://twitter.com/hoso_haru,"",""
神戸大学学生震災救援隊,【文化系】ボランティア,https://pbs.twimg.com/profile_images/532937377203769344/7OwnKnBM_400x400.jpeg,http://weebee1212.com/sp/dantai/content.php?id=84,http://twitter.com/Qentai,"",www.qqqlove.info
児童文化研究会,【文化系】ボランティア,https://pbs.twimg.com/profile_images/555408314347966464/1ZjiHPHb_400x400.jpeg,http://weebee1212.com/sp/dantai/content.php?id=85,http://twitter.com/DOKEN01,"",http://home.kobe-u.com/doken/
神戸大学ガーデニングクラブつちのこ,【文化系】ホビー,https://pbs.twimg.com/profile_images/891944940334325760/umEyuLh__400x400.jpg,http://weebee1212.com/sp/dantai/content.php?id=86,http://twitter.com/KobeTuchinoko,"",""
神戸大学美術部凌美会,【文化系】アート・ファッション・カメラ,https://pbs.twimg.com/profile_images/1746901128/kk_400x400.PNG,http://weebee1212.com/sp/dantai/content.php?id=87,http://twitter.com/Art_Club_Ryobi,"",http://home.kobe-u.com/ryoubi/
神戸大学写真部,【文化系】アート・ファッション・カメラ,https://pbs.twimg.com/profile_images/1441786674/4317841_77_400x400.jpg,http://weebee1212.com/sp/dantai/content.php?id=88,http://twitter.com/kobe_photo,"",http://kuphotoclub.wixsite.com/kupc
神戸大学新聞会,【文化系】マスコミ・フリーペーパー,https://pbs.twimg.com/profile_images/378800000060469912/0f64a7e12b9ba9c053ec9ddfd6342c05_400x400.png,http://weebee1212.com/sp/dantai/content.php?id=89,http://twitter.com/kobeuniv_press,"",http://www.ku-press.org/index.php
神戸大学マラソン同好会,【運動系】陸上,https://pbs.twimg.com/profile_images/2075897415/marado_logo2_400x400.jpg,http://weebee1212.com/sp/dantai/content.php?id=90,http://twitter.com/Kobe_marado,"",http://home.kobe-u.com/marado/index.html
Vespelia,【運動系】野球・ソフトボール,https://pbs.twimg.com/profile_images/847081884311961601/ucZPefYz_400x400.jpg,http://weebee1212.com/sp/dantai/content.php?id=92,http://twitter.com/vespelia_kobe17,"",""
軟式野球同好会,【運動系】野球・ソフトボール,https://pbs.twimg.com/profile_images/507548100450197504/jjG4Dzol_400x400.jpeg,http://weebee1212.com/sp/dantai/content.php?id=93,http://twitter.com/kobe_n_baseball,"",""
je joue,【運動系】サッカー・フットサル,https://pbs.twimg.com/profile_images/3453409856/09d76fa76e5d2e3614252c344cc4183f_400x400.jpeg,http://weebee1212.com/sp/dantai/content.php?id=94,http://twitter.com/je_joue11,"",""
神戸大学AXEL,【運動系】サッカー・フットサル,https://pbs.twimg.com/profile_images/3686238666/e976f120624d8f0f8edcb468de5836ec_400x400.jpeg,http://weebee1212.com/sp/dantai/content.php?id=95,http://twitter.com/axel__2008,"",""
FC.ROKKO,【運動系】サッカー・フットサル,https://pbs.twimg.com/profile_images/832168861545869312/B1MSEDQS_400x400.jpg,http://weebee1212.com/sp/dantai/content.php?id=97,http://twitter.com/fcrokko2017,"",""
FLORESCER,【運動系】サッカー・フットサル,https://pbs.twimg.com/profile_images/908124515107987457/lKLP0ZD9_400x400.jpg,http://weebee1212.com/sp/dantai/content.php?id=98,http://twitter.com/FLORESCER2006,https://www.facebook.com/shindaibazyutubu,http://s.ameblo.jp/florescer2006/
ONZE,【運動系】サッカー・フットサル,https://pbs.twimg.com/profile_images/378800000424930085/8e68e0097ceb2c238701d33729c71c63_400x400.jpeg,http://weebee1212.com/sp/dantai/content.php?id=99,http://twitter.com/onze11_soccer,"",""
Siesta de Leon,【運動系】サッカー・フットサル,https://pbs.twimg.com/profile_images/536033296577081344/ZnynzJbu_400x400.jpeg,http://weebee1212.com/sp/dantai/content.php?id=100,http://twitter.com/Siestadeleon,"",""
TEAM=MASAI,【運動系】サッカー・フットサル,https://pbs.twimg.com/profile_images/706453219384250368/Q8gyEFfd_400x400.jpg,http://weebee1212.com/sp/dantai/content.php?id=101,http://twitter.com/team_masai,"",""
Hi-Five,【運動系】バスケットボール,https://pbs.twimg.com/profile_images/846945237520015360/RTFuRIqo_400x400.jpg,http://weebee1212.com/sp/dantai/content.php?id=104,http://twitter.com/tsukaibaske,"",""
Queen,【運動系】バスケットボール,https://pbs.twimg.com/profile_images/694788752942637056/Edzefac-_400x400.jpg,http://weebee1212.com/sp/dantai/content.php?id=105,http://twitter.com/QUEENshinkan16,"",""
Y's,【運動系】バスケットボール,https://pbs.twimg.com/profile_images/705229182901456896/dWqQ_M64_400x400.jpg,http://weebee1212.com/sp/dantai/content.php?id=106,http://twitter.com/ys_kobe_bbc,"",""
MST,【運動系】バレーボール,https://www.biber.com/dta/themes/biber/core/assets/images/no-featured-175.jpg,http://weebee1212.com/sp/dantai/content.php?id=107,"","",""
P.V.C.,【運動系】バレーボール,https://pbs.twimg.com/profile_images/845610819349991428/hKMEHdPW_400x400.jpg,http://weebee1212.com/sp/dantai/content.php?id=108,http://twitter.com/volleyball_pvc,"",""
ぱすてる,【運動系】バレーボール,https://pbs.twimg.com/profile_images/703024098583023616/QtS5mlht_400x400.jpg,http://weebee1212.com/sp/dantai/content.php?id=109,http://twitter.com/volley_pastel,"",""
神戸大学BAL BLANC,【運動系】テニス,https://pbs.twimg.com/profile_images/837590463431360512/3RXsK_Rx_400x400.jpg,http://weebee1212.com/sp/dantai/content.php?id=110,http://twitter.com/balblanc2017,"",http://balblanc2016.web.fc2.com
神戸大学CUC,【運動系】テニス,https://www.biber.com/dta/themes/biber/core/assets/images/no-featured-175.jpg,http://weebee1212.com/sp/dantai/content.php?id=111,"","",http://cuc45th.web.fc2.com
Jeunesse,【運動系】テニス,https://pbs.twimg.com/profile_images/797230076928487424/_jDcz8DI_400x400.jpg,http://weebee1212.com/sp/dantai/content.php?id=112,http://twitter.com/jeunessehappy,"",""
KUC,【運動系】テニス,https://www.biber.com/dta/themes/biber/core/assets/images/no-featured-175.jpg,http://weebee1212.com/sp/dantai/content.php?id=113,"","",""
MatchPoint,【運動系】テニス,https://pbs.twimg.com/profile_images/847858619877957633/tYClq_-0_400x400.jpg,http://weebee1212.com/sp/dantai/content.php?id=114,http://twitter.com/2015_match,"",""
N.T.G.,【運動系】テニス,https://www.biber.com/dta/themes/biber/core/assets/images/no-featured-175.jpg,http://weebee1212.com/sp/dantai/content.php?id=115,http://twitter.com/ntg_2017,"",ntg-kobe.ciao.jp/intex.htm
NewBroom,【運動系】テニス,https://pbs.twimg.com/profile_images/586884723802161152/2DvxRWXc_400x400.jpg,http://weebee1212.com/sp/dantai/content.php?id=116,http://twitter.com/newbroooom,"",http://newbroom.blog.shinobi.jp/Page/1/
TOPSPIN,【運動系】テニス,https://pbs.twimg.com/profile_images/845922574060027904/HfnlYT3z_400x400.jpg,http://weebee1212.com/sp/dantai/content.php?id=117,http://twitter.com/topspin2009,https://www.facebook.com/kobe.topspin,http://topspin2009kobe.wix.com/topspin
神戸大学硬式テニス愛好会,【運動系】テニス,https://pbs.twimg.com/profile_images/768274563801112576/l6O1l6SI_400x400.jpg,http://weebee1212.com/sp/dantai/content.php?id=118,http://twitter.com/aikou40th,"",aikohp.jimdm.com
KSC,【運動系】テニス,https://pbs.twimg.com/profile_images/575641187148652544/MC-AMUs__400x400.jpeg,http://weebee1212.com/sp/dantai/content.php?id=119,http://twitter.com/ksc38th,"",kscsports.grupo.jp
軟式テニス同好会 NANDO,【運動系】テニス,https://pbs.twimg.com/profile_images/903190324696072192/2NOV38U5_400x400.jpg,http://weebee1212.com/sp/dantai/content.php?id=120,http://twitter.com/kobe_nando,"",""
BADBOYS,【運動系】バドミントン,https://pbs.twimg.com/profile_images/845974439367868416/PguvRj_c_400x400.jpg,http://weebee1212.com/sp/dantai/content.php?id=121,http://twitter.com/Badboys_kobe_u,"",""
Minton,【運動系】バドミントン,https://www.biber.com/dta/themes/biber/core/assets/images/no-featured-175.jpg,http://weebee1212.com/sp/dantai/content.php?id=122,"","",""
はねっこ,【運動系】バドミントン,https://pbs.twimg.com/profile_images/3427820995/94b966d30e2739f17d1a1fdf494fcbcb_400x400.jpeg,http://weebee1212.com/sp/dantai/content.php?id=123,http://twitter.com/hanekko_kobe,"",""
Espoir,【運動系】卓球,https://pbs.twimg.com/profile_images/751793364412928002/iApgDohU_400x400.jpg,http://weebee1212.com/sp/dantai/content.php?id=124,http://twitter.com/EspoirKU,"",https://espoir-kobe.themedia.jp/
鶴甲剣友会,【運動系】武道・武術・射的,https://pbs.twimg.com/profile_images/505527934728151041/W6EiEyaB_400x400.jpeg,http://weebee1212.com/sp/dantai/content.php?id=125,http://twitter.com/tsurukabutoken,"",http://tsurukeny.web.fc2.com/
神戸大学合氣道サークル,【運動系】武道・武術・射的,https://www.biber.com/dta/themes/biber/core/assets/images/no-featured-175.jpg,http://weebee1212.com/sp/dantai/content.php?id=126,http://twitter.com/kobe.aicir,"",""
東洋拳法　神戸大学支部,【運動系】武道・武術・射的,https://www.biber.com/dta/themes/biber/core/assets/images/no-featured-175.jpg,http://weebee1212.com/sp/dantai/content.php?id=127,"","",shindai-touken.com
杖道同好会,【運動系】武道・武術・射的,https://pbs.twimg.com/profile_images/421235823925686272/DWKCcxHX_400x400.jpeg,http://weebee1212.com/sp/dantai/content.php?id=128,http://twitter.com/kobe_u_jodo,"",http://kobeunijodo.wixsite.com/kobe-unv-jodo-circle
神戸大学スポーツチャンバラ同好会,【運動系】武道・武術・射的,https://pbs.twimg.com/profile_images/606097718251888641/HvI3GepV_400x400.jpg,http://weebee1212.com/sp/dantai/content.php?id=130,http://twitter.com/shindaispochan,"",""
Blue-Oaf,【運動系】マリンスポーツ,https://pbs.twimg.com/profile_images/630604694407151616/8b6Q0fpF_400x400.jpg,http://weebee1212.com/sp/dantai/content.php?id=131,http://twitter.com/blueoaf,"",""
ARCADIA,【運動系】ウィンタースポーツ,https://pbs.twimg.com/profile_images/840176700285583360/9pav0kXf_400x400.jpg,http://weebee1212.com/sp/dantai/content.php?id=132,http://twitter.com/ahhhh_oneone,"",http://arcadia2015snow.web.fc2.com
KNG,【運動系】ウィンタースポーツ,https://pbs.twimg.com/profile_images/841745872127893504/-xyXoI7i_400x400.jpg,http://weebee1212.com/sp/dantai/content.php?id=133,http://twitter.com/kng_tweet,https://www.facebook.com/kng1968,http://kng1968.jimdo.com
KODUCK,【運動系】ウィンタースポーツ,https://pbs.twimg.com/profile_images/854982651974868992/km47xl39_400x400.jpg,http://weebee1212.com/sp/dantai/content.php?id=134,http://twitter.com/kobe_snowboard,"",""
P.F.C.,【運動系】スカイスポーツ,https://pbs.twimg.com/profile_images/838991623895687168/fkfc6zuS_400x400.jpg,http://weebee1212.com/sp/dantai/content.php?id=135,http://twitter.com/2017_pfc,https://www.facebook.com/handaipfc,https://www.pfc-hang-para.com
one-off,【運動系】モータースポーツ,https://pbs.twimg.com/profile_images/2632939582/30e22ddbd2f7124339c4920372050d8a_400x400.png,http://weebee1212.com/sp/dantai/content.php?id=136,http://twitter.com/one_off_,"",""
YCC,【運動系】アウトドア,https://pbs.twimg.com/profile_images/3249766928/89ccec64da49316242509a5b8867e19c_400x400.png,http://weebee1212.com/sp/dantai/content.php?id=137,http://twitter.com/ycc1974,"",http://kobeycc.jimdo.com/
道草,【文化系】旅行・探訪,https://pbs.twimg.com/profile_images/1884215769/c61d25b8_400x400,http://weebee1212.com/sp/dantai/content.php?id=138,http://twitter.com/michikusakunn,"",""
ROCK O,【運動系】アウトドア,https://pbs.twimg.com/profile_images/708125504516165633/4SyOXMeu_400x400.jpg,http://weebee1212.com/sp/dantai/content.php?id=139,http://twitter.com/climbing_kobe,"",""
神戸大学オリエンテーリングクラブ,【運動系】アウトドア,https://pbs.twimg.com/profile_images/576200702508175360/Pe0DOcRg_400x400.jpeg,http://weebee1212.com/sp/dantai/content.php?id=141,http://twitter.com/KobeUnivOLK,"",http://kobeunivolk.web.fc2.com/
Dance Crew JETTER,【運動系】ダンス・よさこい,https://pbs.twimg.com/profile_images/1952029155/jetter_400x400.png,http://weebee1212.com/sp/dantai/content.php?id=142,http://twitter.com/DanceCrewJETTER,"",""
コピーダンスサークルEtoile,【運動系】ダンス・よさこい,https://pbs.twimg.com/profile_images/451589663396864000/o-IWpoQ7_400x400.jpeg,http://weebee1212.com/sp/dantai/content.php?id=143,http://twitter.com/Kobe_dance,"",""
神戸学生よさこいチーム湊,【運動系】ダンス・よさこい,https://pbs.twimg.com/profile_images/683652250242187265/u8M2WB3-_400x400.jpg,http://weebee1212.com/sp/dantai/content.php?id=144,http://twitter.com/yosakoi_minato,"",""
神戸大学よさこいチーム山美鼓,【運動系】ダンス・よさこい,https://pbs.twimg.com/profile_images/682706460686434305/Oxk_6sGg_400x400.jpg,http://weebee1212.com/sp/dantai/content.php?id=145,http://twitter.com/YamabikoYosakoi,"",""
Dutch Days',【運動系】その他,https://pbs.twimg.com/profile_images/821424714765586432/HrO-m_6D_400x400.jpg,http://weebee1212.com/sp/dantai/content.php?id=146,http://twitter.com/dutch_days_2017,"",https://dutchdays.jimdo.com
Chalipro!,【文化系】その他,https://pbs.twimg.com/profile_images/552788475120873474/T588dDsj_400x400.jpeg,http://weebee1212.com/sp/dantai/content.php?id=147,http://twitter.com/Chali_Pro2013,https://www.facebook.com/flashmob.chalipro,http://gocharlieluckyboy.wixsite.com/chalipro
BEE  FREE,【運動系】マイナースポーツ,https://pbs.twimg.com/profile_images/531445733824528384/KrRNtB1H_400x400.jpeg,http://weebee1212.com/sp/dantai/content.php?id=148,http://twitter.com/ku_ultimate,"",""
らく〜ん,【運動系】マイナースポーツ,https://pbs.twimg.com/profile_images/378800000454565952/5040280e44708bd16a56e264114cc29f_400x400.jpeg,http://weebee1212.com/sp/dantai/content.php?id=149,http://twitter.com/kobe_myspo,"",""
Lafamille,【運動系】オールラウンド,https://pbs.twimg.com/profile_images/701568356965445632/OfIKkJpO_400x400.jpg,http://weebee1212.com/sp/dantai/content.php?id=150,http://twitter.com/LaFamille2016,"",""
LASH!!!!,【運動系】オールラウンド,https://www.biber.com/dta/themes/biber/core/assets/images/no-featured-175.jpg,http://weebee1212.com/sp/dantai/content.php?id=151,http://twitter.com/lash_2016,"",""
sports circle 101,【運動系】オールラウンド,https://pbs.twimg.com/profile_images/714056576135462912/W8L95eWu_400x400.jpg,http://weebee1212.com/sp/dantai/content.php?id=152,http://twitter.com/101shinkan,"",""
VARIOUS,【運動系】オールラウンド,https://pbs.twimg.com/profile_images/619891027655000065/wKPnPtSY_400x400.jpg,http://weebee1212.com/sp/dantai/content.php?id=153,http://twitter.com/vvvariousss,"",""
Zig☆Zag,【運動系】オールラウンド,https://pbs.twimg.com/profile_images/579346494051880960/ZO9H6OQq_400x400.jpg,http://weebee1212.com/sp/dantai/content.php?id=154,http://twitter.com/kobe_zigzag,"",""
神戸大学サバイバルゲームサークル,【文化系】ホビー,https://pbs.twimg.com/profile_images/532363454309355521/PnN7uHo7_400x400.jpeg,http://weebee1212.com/sp/dantai/content.php?id=155,http://twitter.com/kobe_survival,"",""
神戸大学ラケットボールクラブ,【運動系】マイナースポーツ,https://pbs.twimg.com/profile_images/848493435094876161/3nNjp5p__400x400.jpg,http://weebee1212.com/sp/dantai/content.php?id=156,http://twitter.com/koberacquet2017,"",""
FreeBeat,【文化系】音楽,https://pbs.twimg.com/profile_images/2043808233/icon4_400x400.gif,http://weebee1212.com/sp/dantai/content.php?id=157,http://twitter.com/kobe_freebeat,"",http://freebeat555.wixsite.com/freebeat
神戸大学 軽音サークルMMC,【文化系】音楽,https://pbs.twimg.com/profile_images/847859109516894208/wihU6E-s_400x400.jpg,http://weebee1212.com/sp/dantai/content.php?id=158,http://twitter.com/Kobe_MMC,https://www.facebook.com/MMC-710335499063264,http://mmc-kobe.jimdo.com/
SoundS,【文化系】音楽,https://www.biber.com/dta/themes/biber/core/assets/images/no-featured-175.jpg,http://weebee1212.com/sp/dantai/content.php?id=159,"","",""
軽音サークル楽音,【文化系】音楽,https://pbs.twimg.com/profile_images/803255541896081408/-NhR1PdF_400x400.jpg,http://weebee1212.com/sp/dantai/content.php?id=160,http://twitter.com/rakuon_2017,"",https://rakuon16.wixsite.com/rakuon
神戸大学Arpeggio,【文化系】音楽,https://pbs.twimg.com/profile_images/925678951128633345/mJZif3V5_400x400.jpg,http://weebee1212.com/sp/dantai/content.php?id=161,http://twitter.com/Arpeggio_guitar,"",arpeggio-kobe.jimdo.com
ブルーグラスサークル,【文化系】音楽,https://pbs.twimg.com/profile_images/617528164177174536/KyYwT3gm_400x400.jpg,http://weebee1212.com/sp/dantai/content.php?id=162,http://twitter.com/kobe_bluegrass,"",http://kobe-u-bluegrass.jimdo.com/
神戸大学GhannaGhanna,【文化系】音楽,https://pbs.twimg.com/profile_images/835520837688012800/cBGaG-oi_400x400.jpg,http://weebee1212.com/sp/dantai/content.php?id=163,http://twitter.com/shinkan_19th,"",http://ghanna2hp.wix.com/ghannaghanna
神戸大学DTM作曲同好会 音見鶏,【文化系】音楽,https://pbs.twimg.com/profile_images/417957187957166080/m1BdGSP7_400x400.png,http://weebee1212.com/sp/dantai/content.php?id=164,http://twitter.com/KobeDtm,"",http://www.otomidori.at-ninja.jp/
神戸大学演劇研究会はちの巣座,【文化系】パフォーマンス,https://www.biber.com/dta/themes/biber/core/assets/images/no-featured-175.jpg,http://weebee1212.com/sp/dantai/content.php?id=165,http://twitter.com/hachi_shinkan,"",""
神戸大学ジャグリングサークルJUG六,【文化系】パフォーマンス,https://pbs.twimg.com/profile_images/378800000729672566/84fd83094b1468a05720627aa33685f0_400x400.png,http://weebee1212.com/sp/dantai/content.php?id=166,http://twitter.com/jug6_kobeuniv,"",http://cookiso862.wixsite.com/jug6hp
神戸大学マジックサークル Tricky-Trickers,【文化系】パフォーマンス,https://pbs.twimg.com/profile_images/378800000747191670/3c3cdb9c8779f0b341030f660405d1ef_400x400.png,http://weebee1212.com/sp/dantai/content.php?id=167,http://twitter.com/tricky_trickers,"",trickytrickerskobeuniv.web.fc2.com
神大モダン・ドンチキ,【文化系】音楽,https://pbs.twimg.com/profile_images/750198108710023168/yw-0rGj8_400x400.jpg,http://weebee1212.com/sp/dantai/content.php?id=168,http://twitter.com/modan_dontiki,"",http://modandontiki.jugem.jp
神戸大学競技かるた会,【文化系】文化,https://pbs.twimg.com/profile_images/506820589105868801/AILI42-F_400x400.jpeg,http://weebee1212.com/sp/dantai/content.php?id=170,http://twitter.com/kobekaruta,"",http://www.geocities.co.jp/CollegeLife/1929/
神戸大学書道研究会,【文化系】文化,https://pbs.twimg.com/profile_images/883178968257638400/IsbRpnhL_400x400.jpg,http://weebee1212.com/sp/dantai/content.php?id=171,http://twitter.com/kobeshoken2013,"",http://kobeunisyoken.web.fc2.com/index.html
韓国文化研究会,【文化系】ホビー,https://pbs.twimg.com/profile_images/487163938706952194/gHVKiQOA_400x400.jpeg,http://weebee1212.com/sp/dantai/content.php?id=174,http://twitter.com/kobekanbunken,"",http://plaza.rakuten.co.jp/kanbunken/
徳島県人会（京阪神大学連）,【文化系】その他,https://pbs.twimg.com/profile_images/583857500727844864/MhE9AkZx_400x400.jpg,http://weebee1212.com/sp/dantai/content.php?id=176,http://twitter.com/awakeihanshin,"",""
神戸大学鉄道研究会,【文化系】ホビー,https://pbs.twimg.com/profile_images/582958329380532224/U1sRnKGg_400x400.jpg,http://weebee1212.com/sp/dantai/content.php?id=177,http://twitter.com/tetsuken_kobe,"",""
模型サークル★麒麟★,【文化系】ホビー,https://pbs.twimg.com/profile_images/577255759785807872/QXpsS_wx_400x400.jpeg,http://weebee1212.com/sp/dantai/content.php?id=178,http://twitter.com/kobemodeling,"",http://kirinmodeler.wix.com/kirinmodeling
Truss,【文化系】国際,https://pbs.twimg.com/profile_images/838624891729403905/LDyxOj8l_400x400.jpg,http://weebee1212.com/sp/dantai/content.php?id=179,http://twitter.com/Trusshinkan17,https://www.facebook.com/kobeu.truss,http://truss-newhp.jimdo.com/
アイセック神戸大学委員会,【文化系】国際,https://pbs.twimg.com/profile_images/830725375348989952/25m_yQvx_400x400.jpg,http://weebee1212.com/sp/dantai/content.php?id=180,http://twitter.com/AIESEC_Kobe,"",http://www.aiesec.jp/
日本模擬国連神戸研究会,【文化系】国際,https://pbs.twimg.com/profile_images/437154585384189953/P533VhGQ_400x400.jpeg,http://weebee1212.com/sp/dantai/content.php?id=181,http://twitter.com/JMUN_KOBE,https://www.facebook.com/munkobe,http://www.kansai-mun.org/kobe/
神戸大学アストロノミア,【文化系】科学・工学・数学,https://pbs.twimg.com/profile_images/574574931347812352/77OqheBp_400x400.jpeg,http://weebee1212.com/sp/dantai/content.php?id=184,http://twitter.com/KOBE_science,"",""
神戸大学宇宙工学研究会『アカツキ』,【文化系】科学・工学・数学,https://pbs.twimg.com/profile_images/3531255692/fc1da0d578f68b66c8418702a880d7ab_400x400.jpeg,http://weebee1212.com/sp/dantai/content.php?id=185,http://twitter.com/kobe_space,https://www.facebook.com/akatsuki.aerospace.engineering.kobeuniversity,""
ロボット研究会六甲おろし,【文化系】科学・工学・数学,https://pbs.twimg.com/profile_images/631511825750736896/CPtqUq--_400x400.png,http://weebee1212.com/sp/dantai/content.php?id=186,http://twitter.com/_Rokko_Oroshi_,"",http://rokko-oroshi.xrea.jp/
あーち居場所づくり,【文化系】ボランティア,https://www.biber.com/dta/themes/biber/core/assets/images/no-featured-175.jpg,http://weebee1212.com/sp/dantai/content.php?id=187,"","",http://www2.kobe-u.ac.jp/~zda/arch-prep.html
神戸大学総合ボランティアセンター生田川・八雲児童館セクション,【文化系】ボランティア,https://pbs.twimg.com/profile_images/678548121467486208/clVg2RxD_400x400.jpg,http://weebee1212.com/sp/dantai/content.php?id=188,http://twitter.com/ikuyagu1995,"",""
神戸大学総合ボランティアセンター障害者セクション,【文化系】ボランティア,https://www.biber.com/dta/themes/biber/core/assets/images/no-featured-175.jpg,http://weebee1212.com/sp/dantai/content.php?id=189,"","",""
住之江児童館セクション,【文化系】ボランティア,https://www.biber.com/dta/themes/biber/core/assets/images/no-featured-175.jpg,http://weebee1212.com/sp/dantai/content.php?id=190,"","",""
STUDY FOR TWO 神戸大学支部,【文化系】ボランティア,https://pbs.twimg.com/profile_images/2219589117/sfttwitter_400x400.jpg,http://weebee1212.com/sp/dantai/content.php?id=192,http://twitter.com/study42kobe,"",""
Table For Two神戸大学プロジェクト,【文化系】ボランティア,https://www.biber.com/dta/themes/biber/core/assets/images/no-featured-175.jpg,http://weebee1212.com/sp/dantai/content.php?id=193,"","",""
学生流むらづくりプロジェクト木の家,【文化系】ボランティア,https://pbs.twimg.com/profile_images/559707898725421060/dDw1QVG2_400x400.jpeg,http://weebee1212.com/sp/dantai/content.php?id=194,http://twitter.com/kinoieproject,https://www.facebook.com/kinoieproject,kinoieproject.jimdo.com
水道筋まちづくりプロジェクト,【文化系】ボランティア,https://pbs.twimg.com/profile_images/453043763225436160/S_jRqZZo_400x400.jpeg,http://weebee1212.com/sp/dantai/content.php?id=196,http://twitter.com/suipuro,"",""
灘地域活動センター(N.A.C.）,【文化系】ボランティア,https://www.biber.com/dta/themes/biber/core/assets/images/no-featured-175.jpg,http://weebee1212.com/sp/dantai/content.php?id=197,"","",http://blog.goo.ne.jp/nacdayo
灘チャレンジ実行委員会,【文化系】大学祭・イベント,https://pbs.twimg.com/profile_images/859789122302599168/du_yh36j_400x400.jpg,http://weebee1212.com/sp/dantai/content.php?id=198,http://twitter.com/Ncha_2017,https://www.facebook.com/nadachallenge,http://nadachallenge.wixsite.com/nadachallenge
地域密着型サークルにしき恋,【文化系】ボランティア,https://pbs.twimg.com/profile_images/3205232734/fc49a5546c82cb729f0897f349c72c81_400x400.png,http://weebee1212.com/sp/dantai/content.php?id=199,http://twitter.com/nishikikoi2013,https://www.facebook.com/Nishikikoi.sasayama,http://home.kobe-u.com/nishikikoi/index.html
KOBE足湯隊,【文化系】ボランティア,https://www.biber.com/dta/themes/biber/core/assets/images/no-featured-175.jpg,http://weebee1212.com/sp/dantai/content.php?id=200,"",https://www.facebook.com/kobe.ashiyu,""
神戸大学総合ボランティアセンター,【文化系】ボランティア,https://pbs.twimg.com/profile_images/702376073711984640/pz82hS25_400x400.jpg,http://weebee1212.com/sp/dantai/content.php?id=201,http://twitter.com/kuvc1995,"",http://kuvcsince1995.web.fc2.com
神戸大学東北ボランティアバスプロジェクト,【文化系】ボランティア,https://pbs.twimg.com/profile_images/420373135163019264/uGEG0olv_400x400.jpeg,http://weebee1212.com/sp/dantai/content.php?id=202,http://twitter.com/borabasu1,https://www.facebook.com/ku.tohoku,http://s.ameblo.jp/ku-tono/
ぺんぺん草,【文化系】ボランティア,https://www.biber.com/dta/themes/biber/core/assets/images/no-featured-175.jpg,http://weebee1212.com/sp/dantai/content.php?id=204,http://twitter.com/Pen_Pepepen,"",""
神戸遠足倶楽部くるり,【文化系】旅行・探訪,https://pbs.twimg.com/profile_images/3423440198/d0c266c5d03ff18b693dc43326bcb95f_400x400.jpeg,http://weebee1212.com/sp/dantai/content.php?id=206,http://twitter.com/kururi_ensoku,"",""
古寺探訪同好会,【文化系】旅行・探訪,https://www.biber.com/dta/themes/biber/core/assets/images/no-featured-175.jpg,http://weebee1212.com/sp/dantai/content.php?id=207,"","",http://www.geocities.jp/kobekojitan/contents/gallery.html
釣りChuu!,【運動系】アウトドア,https://pbs.twimg.com/profile_images/801320259739406337/XqE1lW3d_400x400.jpg,http://weebee1212.com/sp/dantai/content.php?id=208,http://twitter.com/CoiyoOsakana,"",http://kufc.blog.fc2.com
神戸大学服飾団体sheep,【文化系】アート・ファッション・カメラ,https://pbs.twimg.com/profile_images/797977094936399872/6zXKSTSQ_400x400.jpg,http://weebee1212.com/sp/dantai/content.php?id=210,http://twitter.com/kobe_sheep,"",""
Tifosi,【文化系】スポーツ観戦,https://pbs.twimg.com/profile_images/455167529464238080/Bdliezjl_400x400.jpeg,http://weebee1212.com/sp/dantai/content.php?id=214,http://twitter.com/tifosi_west,https://www.facebook.com/tifosifootwest,http://tifosi-football.jimdo.com
鯉友会,【文化系】スポーツ観戦,https://www.biber.com/dta/themes/biber/core/assets/images/no-featured-175.jpg,http://weebee1212.com/sp/dantai/content.php?id=215,http://twitter.com/ku_carp_fan,"",""
神戸大学ポケモンサークルもらいび,【文化系】ホビー,https://pbs.twimg.com/profile_images/499463179362004992/26MmbD_D_400x400.jpeg,http://weebee1212.com/sp/dantai/content.php?id=217,http://twitter.com/ku_pokemon,"",http://kupkmnmoraibi.blog.fc2.com
神戸ボードゲームの会,【文化系】ホビー,https://pbs.twimg.com/profile_images/2751044870/270ddfc561f19a94e5226757ea2de8d1_400x400.jpeg,http://weebee1212.com/sp/dantai/content.php?id=218,http://twitter.com/kobe_boardgame,"",""
神戸大学ニュースネット委員会,【文化系】マスコミ・フリーペーパー,https://pbs.twimg.com/profile_images/1250305204/__________400x400.jpg,http://weebee1212.com/sp/dantai/content.php?id=220,http://twitter.com/newsnet_kobe_u,https://www.facebook.com/newsnet.kobe.u,http://www.unn-news.com/newsnet/
FM神大,【文化系】文化,https://pbs.twimg.com/profile_images/565700256596525056/RqI-WjWN_400x400.jpeg,http://weebee1212.com/sp/dantai/content.php?id=221,http://twitter.com/FMshindai,https://www.facebook.com/fm.shindai,http://fmshindai.jimdo.com/
神戸大学放送委員会(KUBC),【文化系】その他,https://pbs.twimg.com/profile_images/745533197086134272/MD1ujl7V_400x400.jpg,http://weebee1212.com/sp/dantai/content.php?id=222,http://twitter.com/kobe_kubc,https://www.facebook.com/kobe.kubc,http://home.kobe-u.com/kubc
神戸大学広告研究会AdTAS,【文化系】マスコミ・フリーペーパー,https://pbs.twimg.com/profile_images/879260231116529664/Z_ye1Bhp_400x400.jpg,http://weebee1212.com/sp/dantai/content.php?id=223,http://twitter.com/_adtas_,"",https://adtas.themedia.jp/
thREAD,【文化系】マスコミ・フリーペーパー,https://pbs.twimg.com/profile_images/926692327543803904/aNBXY0ou_400x400.jpg,http://weebee1212.com/sp/dantai/content.php?id=224,http://twitter.com/_threaders_,https://www.facebook.com/thREAD.freepaper,https://threaderskobeu.wixsite.com/home
神大サクセス,【文化系】大学祭・イベント,https://pbs.twimg.com/profile_images/674700318530138112/wDHMUlJR_400x400.jpg,http://weebee1212.com/sp/dantai/content.php?id=226,http://twitter.com/shindai2015,"",""
神戸大学生協学生委員会GI,【文化系】その他,https://pbs.twimg.com/profile_images/378800000598984031/d2c95239210ca793f11b0c50479c0231_400x400.jpeg,http://weebee1212.com/sp/dantai/content.php?id=227,http://twitter.com/kobeuniv_gi,"",変更中なので追って連絡します。
ベルカン,【文化系】大学祭・イベント,https://pbs.twimg.com/profile_images/915800997842186240/Y4M6Z01M_400x400.jpg,http://weebee1212.com/sp/dantai/content.php?id=228,http://twitter.com/belcoun,https://www.facebook.com/KOBE.BEL,http://belcounpr.wixsite.com/bel-official
六甲祭実行委員会,【文化系】大学祭・イベント,https://pbs.twimg.com/profile_images/378800000046682781/1072a6954ab82ef7e2301df11c71727b_400x400.png,http://weebee1212.com/sp/dantai/content.php?id=229,http://twitter.com/rokkosai,https://www.facebook.com/神戸大学六甲祭実行委員会,http://home.kobe-u.com/rokkosai/
C.C.,【文化系】音楽,https://pbs.twimg.com/profile_images/717362353034006529/8u133a0x_400x400.jpg,http://weebee1212.com/sp/dantai/content.php?id=231,http://twitter.com/hokenCC,"",""
小児科病棟ボランティアOpen Future Club,【文化系】ボランティア,https://www.biber.com/dta/themes/biber/core/assets/images/no-featured-175.jpg,http://weebee1212.com/sp/dantai/content.php?id=232,"","",""
海事科学部軟式野球同好会,【運動系】野球・ソフトボール,https://www.biber.com/dta/themes/biber/core/assets/images/no-featured-175.jpg,http://weebee1212.com/sp/dantai/content.php?id=233,"","",""
深江祭実行委員会,【文化系】大学祭・イベント,"",http://weebee1212.com/sp/dantai/content.php?id=235,http://twitter.com/fukkafukka_chan,"",""
神戸大学KooBee,【文化系】マスコミ・フリーペーパー,https://pbs.twimg.com/profile_images/824234727078924288/ETyGQoHP_400x400.jpg,http://weebee1212.com/sp/dantai/content.php?id=236,http://twitter.com/koobee_kobe_u,https://www.facebook.com/KooBee.kobe.u,http://weebee1212.com/about/index.php
神戸大学家庭教師会ファイト,【文化系】その他,https://pbs.twimg.com/profile_images/745448841768382465/tQ0qBA6Y_400x400.jpg,http://weebee1212.com/sp/dantai/content.php?id=240,http://twitter.com/ku_katekyo,"",http://fight-katekyo.main.jp/
神戸大学ラブライ部！,【文化系】ホビー,https://pbs.twimg.com/profile_images/716491682913525760/5RB_eu5J_400x400.jpg,http://weebee1212.com/sp/dantai/content.php?id=252,http://twitter.com/ku_lovelive,"",""
二代目ウホウホゴリラパンツ,【運動系】マイナースポーツ,https://pbs.twimg.com/profile_images/841681681580933120/MQXf92OO_400x400.jpg,http://weebee1212.com/sp/dantai/content.php?id=264,http://twitter.com/2_uhogori,"",""
学生団体POMB,【文化系】科学・工学・数学,https://pbs.twimg.com/profile_images/2588176295/logo_400x400.jpg,http://weebee1212.com/sp/dantai/content.php?id=265,http://twitter.com/POMB_official,https://www.facebook.com/pomb.official,http://pomb.org/
神戸大学持続的災害支援プロジェクトKonti,【文化系】ボランティア,https://pbs.twimg.com/profile_images/930757240423817216/6iawM7Ar_400x400.jpg,http://weebee1212.com/sp/dantai/content.php?id=266,http://twitter.com/kobekonti,https://www.facebook.com/kobekonti,""
Choice!!!,【文化系】大学祭・イベント,https://pbs.twimg.com/profile_images/743326892774686720/82paVHA2_400x400.jpg,http://weebee1212.com/sp/dantai/content.php?id=268,http://twitter.com/kobe_choice,https://www.facebook.com/choice.kobe,""
FORTEK,【文化系】科学・工学・数学,https://pbs.twimg.com/profile_images/3569072973/1e31f37dcfa61ef70cb46f445651ec7a_400x400.png,http://weebee1212.com/sp/dantai/content.php?id=271,http://twitter.com/fortek_10,https://www.facebook.com/FORTEKKobe-University-Formula-Student-Team-159010044164011,""
神戸大学自転車競技サークル,【運動系】その他,https://pbs.twimg.com/profile_images/853968483805036544/p60hPHgR_400x400.jpg,http://weebee1212.com/sp/dantai/content.php?id=272,http://twitter.com/kobe_u_roadrace,"",""
Social Campus,【文化系】その他,https://www.biber.com/dta/themes/biber/core/assets/images/no-featured-175.jpg,http://weebee1212.com/sp/dantai/content.php?id=273,"","",""
​KOBE幻夜祭実行委員会,【文化系】大学祭・イベント,https://www.biber.com/dta/themes/biber/core/assets/images/no-featured-175.jpg,http://weebee1212.com/sp/dantai/content.php?id=279,http://twitter.com/‎KOBEcrossN,https://www.facebook.com/KOBE-Cross-N-856947847729237,http://kobecrossn.wixsite.com/kobe-cross-n
神戸大学ポーカーサークル,【文化系】ホビー,https://pbs.twimg.com/profile_images/698827980382973952/69WMP7ws_400x400.jpg,http://weebee1212.com/sp/dantai/content.php?id=290,http://twitter.com/kobeunivpoker,"",http://kobeunivpoker.wixsite.com/kobe-univ-poker
児童文学研究会,【文化系】その他,https://pbs.twimg.com/profile_images/433906651284787201/ydJXLAtY_400x400.jpeg,http://weebee1212.com/sp/dantai/content.php?id=294,http://twitter.com/KU_dbn,"",http://home.kobe-u.com/doubun/
神戸大学MONTBLANC,【運動系】オールラウンド,https://pbs.twimg.com/profile_images/853632832505208833/9g92-YJb_400x400.jpg,http://weebee1212.com/sp/dantai/content.php?id=296,http://twitter.com/montblanc_KU,"",""
神戸大学宝生流能楽部,【文化系】文化,https://pbs.twimg.com/profile_images/758511118838923264/D1rIZw-J_400x400.jpg,http://weebee1212.com/sp/dantai/content.php?id=297,http://twitter.com/KobeHosho,"",""
WalKobe,【文化系】ボランティア,https://pbs.twimg.com/profile_images/785877367075901441/D0qqWXe6_400x400.jpg,http://weebee1212.com/sp/dantai/content.php?id=299,http://twitter.com/kobe_4u,https://www.facebook.com/WalKobe-1646257292320282,""
Mega Chupa,【文化系】国際,https://www.biber.com/dta/themes/biber/core/assets/images/no-featured-175.jpg,http://weebee1212.com/sp/dantai/content.php?id=302,"","",""
AGLOC,【文化系】国際,https://www.biber.com/dta/themes/biber/core/assets/images/no-featured-175.jpg,http://weebee1212.com/sp/dantai/content.php?id=303,"",https://www.facebook.com/AGLOC.kobe,""
医学部空手道部,【運動系】武道・武術・射的,https://pbs.twimg.com/profile_images/873892773849481216/Ajuyd-m-_400x400.jpg,http://weebee1212.com/sp/dantai/content.php?id=306,http://twitter.com/kobemedjarate,"",""
医学部男子バレーボール部,【運動系】バレーボール,https://pbs.twimg.com/profile_images/719059780342419456/Ca3s0TWl_400x400.jpg,http://weebee1212.com/sp/dantai/content.php?id=307,http://twitter.com/kobemedvolley,https://www.facebook.com/kobemedvolleyballclub,""
神戸大学医学部合気道部,【運動系】武道・武術・射的,https://pbs.twimg.com/profile_images/699375566584033280/W9SJY9yo_400x400.jpg,http://weebee1212.com/sp/dantai/content.php?id=314,http://twitter.com/MedKobe,"",http://kobeaiki.web.fc2.com/
神戸大学学生広報チーム,【文化系】その他,https://www.biber.com/dta/themes/biber/core/assets/images/no-featured-175.jpg,http://weebee1212.com/sp/dantai/content.php?id=323,"",https://www.facebook.com/kobeuniv.ppr.student.volunteer,http://www.kobe-u.ac.jp/info/public-relations/student-volunteer/index.html
神戸大学合氣道会,【運動系】武道・武術・射的,https://www.biber.com/dta/themes/biber/core/assets/images/no-featured-175.jpg,http://weebee1212.com/sp/dantai/content.php?id=324,http://twitter.com/aikidokai_kobe,"",http://kobeaikidokai.web.fc2.com
K-WAVE,【運動系】野球・ソフトボール,https://pbs.twimg.com/profile_images/845991578820796417/s3DedcO7_400x400.jpg,http://weebee1212.com/sp/dantai/content.php?id=325,http://twitter.com/cleanmyroooo,"",""
